inf,inf,inf,inf,inf,inf,inf,inf,inf,inf,inf,inf,inf,inf,inf,inf,inf,inf,inf,inf,inf,inf,inf,inf,inf,inf,inf,inf,inf,inf,inf,inf,inf,inf,inf,inf,inf,inf,inf,inf,inf,inf,inf,inf,inf,inf,inf,inf,inf,inf,inf,inf,inf,inf,inf,inf,inf,inf,inf,inf,inf,inf,398.88225099390877,399.88225099390877,400.88225099390877,401.88225099390877,402.88225099390877,403.88225099390877,404.88225099390877,405.88225099390877,406.88225099390877,407.88225099390877,408.88225099390877,409.88225099390877,410.88225099390877,411.88225099390877,412.88225099390877,413.88225099390877,414.88225099390877,415.88225099390877,416.88225099390877,417.88225099390877,418.88225099390877,419.88225099390877,420.88225099390877,421.88225099390877,422.88225099390877,423.88225099390877,inf,inf,inf,inf,inf,inf,inf,inf,inf,inf,inf,inf,inf,inf,inf,inf,inf,inf,inf,inf,inf,inf,inf,inf,inf,inf,inf,inf,inf,inf,inf,inf,inf,inf,inf
inf,inf,inf,inf,inf,inf,inf,inf,inf,inf,inf,inf,inf,inf,inf,inf,inf,inf,inf,inf,inf,inf,inf,inf,inf,inf,inf,inf,inf,inf,inf,inf,inf,inf,inf,inf,inf,inf,inf,inf,inf,inf,inf,inf,inf,inf,inf,inf,inf,inf,inf,inf,inf,inf,inf,inf,inf,inf,inf,inf,inf,397.46803743153566,inf,inf,inf,inf,inf,inf,inf,inf,inf,inf,inf,inf,inf,inf,inf,inf,inf,inf,inf,inf,inf,inf,inf,inf,inf,inf,425.2964645562819,inf,inf,inf,inf,inf,inf,inf,inf,inf,inf,inf,inf,inf,inf,inf,inf,inf,inf,inf,inf,inf,inf,inf,inf,inf,inf,inf,inf,inf,inf,inf,inf,inf,inf
inf,0,2.0,4.242640687119286,7.242640687119286,9.899494936611667,12.899494936611665,15.556349186104047,18.556349186104047,21.213203435596427,24.213203435596427,26.870057685088803,inf,75.84062043356595,74.59797974644665,71.59797974644665,70.35533905932736,69.31980515339463,68.94112549695427,67.35533905932736,66.11269837220807,64.52691193458116,63.69848480983497,63.112698372208065,64.11269837220806,65.11269837220806,66.11269837220806,67.11269837220806,68.11269837220806,69.11269837220806,70.11269837220806,71.11269837220806,72.11269837220806,73.11269837220806,74.11269837220806,75.11269837220806,76.11269837220806,77.11269837220806,78.11269837220806,79.11269837220806,80.11269837220806,81.11269837220806,82.11269837220806,83.11269837220806,84.11269837220806,85.11269837220806,86.11269837220806,87.11269837220806,88.11269837220806,89.11269837220806,90.11269837220806,91.11269837220806,92.11269837220806,93.11269837220806,94.11269837220806,inf,412.2964645562819,409.2964645562819,406.2964645562819,403.2964645562819,400.2964645562819,inf,396.05382386916256,395.05382386916256,394.05382386916256,393.05382386916256,392.05382386916256,391.05382386916256,390.05382386916256,389.05382386916256,388.05382386916256,387.05382386916256,386.05382386916256,385.05382386916256,384.05382386916256,383.05382386916256,382.05382386916256,381.05382386916256,380.05382386916256,379.05382386916256,378.05382386916256,377.05382386916256,inf,inf,437.1248916810281,434.1248916810281,431.1248916810281,428.1248916810281,426.2964645562819,426.710678118655,427.710678118655,428.710678118655,429.710678118655,430.710678118655,431.710678118655,432.710678118655,433.710678118655,434.710678118655,435.710678118655,436.710678118655,437.710678118655,438.710678118655,439.710678118655,440.710678118655,441.710678118655,442.710678118655,443.710678118655,444.710678118655,445.710678118655,446.710678118655,447.710678118655,448.710678118655,449.710678118655,450.710678118655,451.710678118655,452.710678118655,453.710678118655,454.710678118655,455.710678118655,456.710678118655,457.710678118655,458.710678118655,inf
inf,2.0,1.4142135623730951,3.414213562373095,5.656854249492381,8.65685424949238,11.313708498984761,14.313708498984761,16.970562748477143,19.970562748477143,22.62741699796952,25.62741699796952,inf,73.18376618407356,71.59797974644665,70.35533905932736,67.35533905932736,66.31980515339463,65.94112549695427,64.69848480983498,63.11269837220807,62.28427124746188,61.69848480983497,inf,inf,inf,inf,inf,inf,inf,inf,inf,inf,inf,inf,inf,inf,inf,inf,inf,inf,inf,inf,inf,inf,inf,inf,inf,inf,inf,inf,inf,inf,inf,94.52691193458115,inf,inf,inf,inf,inf,inf,inf,inf,inf,inf,inf,inf,inf,inf,inf,inf,inf,inf,inf,inf,inf,inf,inf,inf,inf,inf,inf,375.63961030678945,inf,inf,inf,inf,inf,inf,inf,inf,inf,inf,inf,inf,inf,inf,inf,inf,inf,inf,inf,inf,inf,inf,inf,inf,inf,inf,inf,inf,inf,inf,inf,inf,inf,inf,inf,inf,inf,inf,459.1248916810281,inf
inf,4.242640687119286,3.414213562373095,2.8284271247461903,4.82842712474619,7.0710678118654755,10.071067811865476,12.727922061357857,15.727922061357857,18.384776310850235,21.384776310850235,22.62741699796952,inf,70.18376618407356,68.94112549695427,67.35533905932736,66.11269837220809,63.819805153394626,63.28427124746189,61.69848480983498,60.87005768508879,60.28427124746188,62.28427124746188,inf,141.94112549695424,138.94112549695424,135.94112549695424,132.94112549695424,129.94112549695424,126.94112549695424,123.94112549695424,120.94112549695424,117.94112549695424,115.94112549695424,114.94112549695424,113.94112549695424,112.94112549695424,111.94112549695424,110.94112549695424,109.94112549695424,108.94112549695424,107.94112549695424,106.94112549695424,105.94112549695424,104.94112549695424,103.94112549695424,102.94112549695424,101.94112549695424,100.94112549695424,99.94112549695424,98.94112549695424,97.94112549695424,96.94112549695424,95.94112549695424,95.52691193458115,inf,368.63961030678945,365.63961030678945,362.63961030678945,359.63961030678945,356.63961030678945,355.81118318204324,355.22539674441634,356.22539674441634,357.22539674441634,358.22539674441634,359.22539674441634,360.22539674441634,361.22539674441634,362.22539674441634,363.22539674441634,364.22539674441634,365.22539674441634,366.22539674441634,367.22539674441634,368.22539674441634,369.22539674441634,370.22539674441634,371.22539674441634,372.22539674441634,373.22539674441634,374.22539674441634,inf,inf,531.5391052434012,528.5391052434012,525.5391052434012,522.5391052434012,519.5391052434012,516.5391052434012,513.5391052434012,510.5391052434012,507.5391052434012,504.5391052434012,501.5391052434012,498.5391052434012,495.5391052434012,492.5391052434012,489.5391052434012,486.5391052434012,483.5391052434012,480.5391052434012,478.5391052434012,477.5391052434012,476.5391052434012,475.5391052434012,474.5391052434012,473.5391052434012,472.5391052434012,471.5391052434012,470.5391052434012,469.5391052434012,468.5391052434012,467.5391052434012,466.5391052434012,465.5391052434012,464.5391052434012,463.5391052434012,462.5391052434012,461.5391052434012,460.5391052434012,460.1248916810281,inf
inf,7.242640687119286,5.656854249492381,4.82842712474619,4.242640687119286,6.242640687119286,8.485281374238571,11.485281374238571,14.142135623730951,17.14213562373095,18.384776310850235,21.384776310850235,inf,67.52691193458118,65.94112549695427,64.69848480983498,63.11269837220808,61.870057685088796,60.28427124746189,59.455844122715696,58.87005768508879,60.87005768508879,63.11269837220807,inf,142.35533905932732,139.35533905932732,136.35533905932732,133.35533905932732,130.35533905932732,127.35533905932733,124.35533905932733,121.35533905932733,118.35533905932733,116.35533905932733,inf,inf,inf,inf,inf,inf,inf,inf,inf,inf,inf,inf,inf,inf,inf,inf,inf,inf,inf,inf,inf,inf,367.63961030678945,364.63961030678945,361.63961030678945,358.63961030678945,355.63961030678945,353.81118318204324,inf,inf,inf,inf,inf,inf,inf,inf,inf,inf,inf,inf,inf,inf,inf,inf,inf,inf,inf,inf,inf,inf,531.9533188057743,528.9533188057743,525.9533188057743,522.9533188057743,519.9533188057743,516.9533188057743,513.9533188057743,510.9533188057743,507.9533188057743,504.9533188057743,501.9533188057743,498.9533188057743,495.9533188057743,492.9533188057743,489.9533188057743,486.9533188057743,483.9533188057743,480.9533188057743,478.9533188057743,479.3675323681474,478.3675323681474,477.3675323681474,476.3675323681474,475.3675323681474,474.3675323681474,473.3675323681474,472.3675323681474,471.3675323681474,470.3675323681474,469.3675323681474,468.3675323681474,467.3675323681474,466.3675323681474,465.3675323681474,464.3675323681474,463.3675323681474,462.5391052434012,462.1248916810281,inf
inf,9.899494936611667,8.65685424949238,7.0710678118654755,6.242640687119286,5.656854249492381,7.656854249492381,9.899494936611665,12.899494936611665,14.849242404917499,17.349242404917497,20.349242404917497,inf,64.52691193458118,63.284271247461895,61.69848480983499,60.4558441227157,58.870057685088796,58.041630560342604,57.455844122715696,59.455844122715696,61.69848480983498,64.69848480983498,inf,143.18376618407353,140.18376618407353,137.18376618407353,134.18376618407353,131.18376618407353,128.18376618407353,125.18376618407352,122.18376618407352,119.18376618407352,117.35533905932733,119.18376618407352,122.18376618407352,125.18376618407352,128.18376618407353,131.18376618407353,134.18376618407353,137.18376618407353,140.18376618407353,143.18376618407353,146.18376618407353,149.18376618407353,152.18376618407353,155.18376618407353,157.49747468305827,158.74011537017756,159.98275605729685,161.22539674441614,163.0182899632296,166.0182899632296,167.5979797464466,168.5979797464466,inf,366.63961030678945,363.63961030678945,360.63961030678945,357.63961030678945,354.63961030678945,352.81118318204324,354.63961030678945,357.63961030678945,360.63961030678945,361.05382386916256,361.57463914933385,360.5391052434011,359.3675323681473,357.41778489984154,356.88225099390877,356.05382386916256,354.33199846221464,353.2964645562819,353.2609306503491,352.22539674441634,353.22539674441634,352.22539674441634,351.22539674441634,350.22539674441634,349.22539674441634,348.39696961967013,349.22539674441634,inf,532.7817459305205,529.7817459305205,526.7817459305205,523.7817459305205,520.7817459305205,517.7817459305205,514.7817459305205,511.7817459305205,508.7817459305205,505.7817459305205,502.7817459305205,499.7817459305205,496.7817459305205,493.7817459305205,490.7817459305205,487.7817459305205,484.7817459305205,481.7817459305205,479.9533188057743,481.7817459305205,481.3675323681474,480.3675323681474,479.3675323681474,478.3675323681474,477.3675323681474,476.3675323681474,475.3675323681474,474.3675323681474,473.3675323681474,472.3675323681474,471.3675323681474,470.3675323681474,469.3675323681474,468.3675323681474,467.3675323681474,466.3675323681474,465.5391052434012,465.1248916810281,inf
inf,12.899494936611665,11.313708498984761,10.071067811865476,8.485281374238571,7.656854249492381,7.0710678118654755,9.071067811865476,11.313708498984761,14.313708498984761,16.970562748477143,19.970562748477143,inf,61.8700576850888,60.284271247461895,59.04163056034261,57.4558441227157,56.62741699796951,56.041630560342604,58.041630560342604,60.28427124746189,63.28427124746189,65.94112549695427,inf,144.18376618407353,141.18376618407353,138.18376618407353,135.18376618407353,132.18376618407353,129.18376618407353,126.18376618407352,123.18376618407352,120.18376618407352,118.35533905932733,120.18376618407352,123.18376618407352,126.18376618407352,129.18376618407353,132.18376618407353,135.18376618407353,138.18376618407353,140.8406204335659,143.8406204335659,146.8406204335659,149.3406204335659,151.8406204335659,153.6690475583121,154.49747468305827,155.74011537017756,156.98275605729685,158.7756492761103,161.7756492761103,163.5979797464466,164.5979797464466,165.5979797464466,inf,365.63961030678945,362.63961030678945,359.63961030678945,356.63961030678945,353.63961030678945,351.81118318204324,353.63961030678945,356.63961030678945,359.0893577750953,358.05382386916256,358.57463914933385,357.5391052434011,357.5035713374684,355.12489168102803,353.88225099390877,353.05382386916256,352.33199846221464,350.7964645562819,350.2609306503491,349.22539674441634,350.22539674441634,349.22539674441634,348.22539674441634,347.22539674441634,346.22539674441634,345.39696961967013,346.22539674441634,inf,533.7817459305205,530.7817459305205,527.7817459305205,524.7817459305205,521.7817459305205,518.7817459305205,515.7817459305205,512.7817459305205,509.7817459305205,506.7817459305205,503.7817459305205,500.7817459305205,497.7817459305205,494.7817459305205,491.7817459305205,488.7817459305205,485.7817459305205,482.7817459305205,480.9533188057743,482.7817459305205,484.3675323681474,483.3675323681474,482.3675323681474,481.3675323681474,480.3675323681474,479.3675323681474,478.3675323681474,477.3675323681474,475.8675323681474,475.3675323681474,474.3675323681474,473.3675323681474,472.3675323681474,471.3675323681474,470.3675323681474,469.3675323681474,468.5391052434012,468.1248916810281,inf
inf,15.556349186104047,14.313708498984761,12.727922061357857,11.485281374238571,9.899494936611665,9.071067811865476,8.485281374238571,10.485281374238571,12.727922061357857,15.727922061357857,18.38477631085024,inf,58.8700576850888,57.62741699796952,56.04163056034261,55.21320343559642,54.62741699796951,56.62741699796951,58.870057685088796,61.870057685088796,64.52691193458118,67.52691193458118,inf,145.18376618407353,142.18376618407353,139.18376618407353,136.18376618407353,133.18376618407353,130.18376618407353,127.18376618407352,124.18376618407352,121.18376618407352,119.35533905932733,121.18376618407352,124.18376618407352,127.18376618407352,130.18376618407353,133.18376618407353,136.18376618407353,138.01219330881972,140.01219330881972,143.01219330881972,146.01219330881972,149.01219330881972,151.49747468305827,150.6690475583121,151.49747468305827,152.74011537017756,154.533008588991,157.533008588991,159.36143571373722,160.5979797464466,161.5979797464466,162.5979797464466,inf,364.63961030678945,361.63961030678945,358.63961030678945,355.63961030678945,352.63961030678945,350.81118318204324,352.63961030678945,355.63961030678945,356.0893577750953,355.05382386916256,356.0893577750953,355.0391052434011,354.5035713374684,353.2609306503491,350.88225099390877,350.05382386916256,349.33199846221464,348.2964645562819,347.2609306503491,346.22539674441634,347.22539674441634,346.22539674441634,345.22539674441634,344.22539674441634,343.22539674441634,342.39696961967013,343.22539674441634,inf,534.7817459305205,531.7817459305205,528.7817459305205,525.7817459305205,522.7817459305205,519.7817459305205,516.7817459305205,513.7817459305205,510.7817459305205,507.7817459305205,504.7817459305205,501.7817459305205,498.7817459305205,495.7817459305205,492.7817459305205,489.7817459305205,486.7817459305205,483.7817459305205,481.9533188057743,483.7817459305205,486.7817459305205,486.3675323681474,485.3675323681474,484.3675323681474,483.3675323681474,482.3675323681474,481.3675323681474,479.4030662740802,478.3675323681474,478.3675323681474,477.3675323681474,476.3675323681474,475.3675323681474,474.3675323681474,473.3675323681474,472.3675323681474,471.5391052434012,471.1248916810281,inf
inf,18.556349186104047,16.970562748477143,15.727922061357857,14.142135623730951,12.899494936611665,11.313708498984761,10.485281374238571,9.899494936611667,11.899494936611667,14.142135623730953,17.14213562373095,inf,56.21320343559643,54.62741699796952,53.79898987322333,53.21320343559642,55.21320343559642,57.4558441227157,60.4558441227157,63.11269837220808,66.11269837220809,68.76955262170047,inf,146.18376618407353,143.18376618407353,140.18376618407353,137.18376618407353,134.18376618407353,131.18376618407353,128.18376618407353,125.18376618407352,122.18376618407352,120.35533905932733,122.18376618407352,125.18376618407352,128.18376618407353,131.18376618407353,134.18376618407353,137.18376618407353,139.8406204335659,140.8406204335659,143.8406204335659,145.51219330881972,147.254833995939,148.49747468305827,147.6690475583121,148.49747468305827,150.99747468305827,153.49747468305827,155.11879502661793,156.5979797464466,157.5979797464466,158.5979797464466,159.5979797464466,inf,363.63961030678945,360.63961030678945,357.63961030678945,354.63961030678945,351.63961030678945,349.81118318204324,351.63961030678945,354.63961030678945,353.0893577750953,352.05382386916256,353.0893577750953,353.22539674441634,351.5035713374684,350.2609306503491,349.22539674441634,348.05382386916256,346.33199846221464,345.2964645562819,344.2609306503491,343.72539674441634,344.22539674441634,343.22539674441634,342.22539674441634,341.22539674441634,340.22539674441634,339.39696961967013,340.22539674441634,inf,535.7817459305205,532.7817459305205,529.7817459305205,526.7817459305205,523.7817459305205,520.7817459305205,517.7817459305205,514.7817459305205,511.7817459305205,508.7817459305205,505.7817459305205,502.7817459305205,499.7817459305205,496.7817459305205,493.7817459305205,490.7817459305205,487.7817459305205,484.7817459305205,482.9533188057743,484.7817459305205,487.7817459305205,489.3675323681474,488.3675323681474,487.3675323681474,486.3675323681474,485.3675323681474,483.64570696119944,482.4030662740802,481.3675323681474,481.3675323681474,480.3675323681474,479.3675323681474,478.3675323681474,477.3675323681474,476.3675323681474,475.3675323681474,474.5391052434012,474.1248916810281,inf
inf,21.213203435596427,19.970562748477143,18.384776310850235,17.14213562373095,15.556349186104047,14.313708498984761,12.727922061357857,11.899494936611667,11.313708498984763,13.313708498984763,15.556349186104049,inf,53.21320343559643,52.384776310850235,51.79898987322333,53.79898987322333,56.04163056034261,59.04163056034261,61.69848480983499,64.69848480983498,67.35533905932736,70.35533905932736,inf,147.18376618407353,144.18376618407353,141.18376618407353,138.18376618407353,135.18376618407353,132.18376618407353,129.18376618407353,126.18376618407352,123.18376618407352,121.35533905932733,123.18376618407352,126.18376618407352,129.18376618407353,132.18376618407353,135.18376618407353,137.01219330881972,139.01219330881972,142.01219330881972,142.18376618407353,143.01219330881972,144.254833995939,145.4974746830583,145.6690475583121,147.6690475583121,149.63351365237935,150.87615433949864,152.5979797464466,153.5979797464466,154.5979797464466,155.5979797464466,156.5979797464466,inf,362.63961030678945,359.63961030678945,356.63961030678945,353.63961030678945,350.63961030678945,348.81118318204324,350.63961030678945,352.12489168102803,350.88225099390877,349.55382386916256,350.88225099390877,350.22539674441634,349.22539674441634,347.2609306503491,346.22539674441634,346.22539674441634,345.22539674441634,342.7964645562819,341.7609306503491,341.22539674441634,341.22539674441634,340.22539674441634,339.22539674441634,338.22539674441634,337.22539674441634,336.39696961967013,337.22539674441634,inf,536.4386001800129,533.4386001800129,530.4386001800129,527.4386001800129,524.4386001800129,521.4386001800129,518.7817459305205,515.7817459305205,512.7817459305205,509.7817459305205,506.7817459305205,503.7817459305205,500.7817459305205,497.7817459305205,494.7817459305205,491.7817459305205,488.7817459305205,485.7817459305205,483.9533188057743,485.7817459305205,488.7817459305205,491.7817459305205,491.3675323681474,490.3675323681474,489.3675323681474,487.8883476483187,486.64570696119944,485.4030662740802,484.3675323681474,484.3675323681474,483.3675323681474,482.1959594928936,480.1959594928936,480.3675323681474,479.3675323681474,478.3675323681474,477.5391052434012,477.1248916810281,inf
inf,24.213203435596427,22.62741699796952,21.384776310850235,19.798989873223334,inf,16.970562748477143,15.727922061357857,14.142135623730953,13.313708498984763,12.727922061357859,14.727922061357859,inf,50.97056274847714,50.384776310850235,52.384776310850235,54.62741699796952,57.62741699796952,60.284271247461895,63.284271247461895,65.94112549695427,68.94112549695427,71.59797974644665,inf,148.18376618407353,145.18376618407353,142.18376618407353,139.18376618407353,136.18376618407353,133.18376618407353,130.18376618407353,127.18376618407352,124.18376618407352,122.35533905932733,124.18376618407352,127.18376618407352,130.18376618407353,133.18376618407353,136.18376618407353,137.63351365237935,139.0979797464466,139.51219330881972,139.18376618407353,140.01219330881972,141.254833995939,143.54772721475246,145.5979797464466,145.5979797464466,146.63351365237935,148.5979797464466,149.5979797464466,150.5979797464466,151.5979797464466,152.5979797464466,153.5979797464466,inf,361.63961030678945,358.63961030678945,355.63961030678945,352.63961030678945,349.63961030678945,347.81118318204324,349.63961030678945,350.88225099390877,347.88225099390877,347.05382386916256,347.88225099390877,347.22539674441634,346.22539674441634,345.22539674441634,343.72539674441634,343.22539674441634,342.22539674441634,341.22539674441634,339.2609306503491,338.22539674441634,338.22539674441634,337.22539674441634,336.22539674441634,335.22539674441634,334.22539674441634,333.39696961967013,334.22539674441634,inf,535.6101730552667,532.6101730552667,529.6101730552667,526.6101730552667,523.6101730552667,520.6101730552667,518.6101730552667,516.7817459305205,513.7817459305205,510.7817459305205,507.7817459305205,504.7817459305205,501.7817459305205,498.7817459305205,495.7817459305205,492.7817459305205,489.7817459305205,486.7817459305205,484.9533188057743,486.7817459305205,489.7817459305205,492.7817459305205,494.3675323681474,493.3675323681474,492.13098833543796,490.8883476483187,489.64570696119944,488.4030662740802,487.3675323681474,487.3675323681474,486.02438661763983,483.02438661763983,482.1959594928936,483.02438661763983,482.3675323681474,481.3675323681474,480.5391052434012,480.1248916810281,inf
inf,26.870057685088803,25.62741699796952,24.041630560342618,22.798989873223334,21.213203435596427,19.970562748477143,18.38477631085024,17.14213562373095,15.556349186104049,14.727922061357859,14.142135623730955,inf,48.97056274847714,50.798989873223334,53.21320343559643,56.21320343559643,58.8700576850888,inf,63.698484809835,66.69848480983501,69.69848480983501,72.69848480983501,inf,149.18376618407353,146.18376618407353,143.18376618407353,140.18376618407353,137.18376618407353,134.18376618407353,131.18376618407353,128.18376618407353,125.18376618407352,123.35533905932733,125.18376618407352,128.18376618407353,131.18376618407353,133.5979797464466,134.0979797464466,135.5979797464466,136.5979797464466,137.01219330881972,136.18376618407353,137.01219330881972,140.01219330881972,141.5979797464466,142.5979797464466,143.0979797464466,144.5979797464466,145.5979797464466,146.5979797464466,147.5979797464466,148.5979797464466,149.5979797464466,150.5979797464466,inf,360.63961030678945,357.63961030678945,354.63961030678945,351.63961030678945,348.63961030678945,346.81118318204324,348.63961030678945,348.22539674441634,347.05382386916256,345.05382386916256,345.22539674441634,344.22539674441634,343.22539674441634,342.22539674441634,341.22539674441634,340.22539674441634,339.22539674441634,338.22539674441634,337.22539674441634,335.72539674441634,335.22539674441634,334.22539674441634,333.22539674441634,332.22539674441634,331.22539674441634,330.39696961967013,331.22539674441634,inf,536.4386001800129,533.4386001800129,530.4386001800129,527.4386001800129,524.4386001800129,521.4386001800129,519.7817459305205,516.7817459305205,514.2817459305205,511.7817459305205,508.7817459305205,505.7817459305205,502.7817459305205,499.7817459305205,496.7817459305205,493.7817459305205,490.7817459305205,487.7817459305205,485.9533188057743,487.7817459305205,490.7817459305205,493.7817459305205,496.7817459305205,496.3675323681474,495.13098833543796,493.8883476483187,492.64570696119944,491.4030662740802,490.3675323681474,489.5599205235726,487.2670273047591,486.02438661763983,485.1959594928936,486.02438661763983,485.3675323681474,484.3675323681474,483.5391052434012,483.1248916810281,inf
inf,29.870057685088803,28.284271247461902,27.041630560342618,25.45584412271571,inf,22.627416997969526,21.384776310850235,19.798989873223334,18.55634918610405,16.970562748477146,15.142135623730955,inf,47.97056274847714,49.798989873223334,52.798989873223334,55.798989873223334,58.627416997969526,59.45584412271572,62.45584412271572,65.45584412271572,68.45584412271572,71.45584412271572,inf,150.18376618407353,147.18376618407353,144.18376618407353,141.18376618407353,138.18376618407353,135.18376618407353,132.18376618407353,129.18376618407353,126.18376618407352,124.35533905932733,126.18376618407352,128.5979797464466,129.5979797464466,130.5979797464466,131.5979797464466,132.5979797464466,133.5979797464466,134.5979797464466,134.18376618407353,136.18376618407353,137.5979797464466,138.5979797464466,139.5979797464466,140.5979797464466,141.5979797464466,142.5979797464466,143.5979797464466,144.5979797464466,145.5979797464466,146.5979797464466,147.5979797464466,inf,359.81118318204324,356.81118318204324,353.81118318204324,350.81118318204324,347.81118318204324,345.81118318204324,346.22539674441634,345.22539674441634,344.22539674441634,343.22539674441634,342.22539674441634,341.22539674441634,340.22539674441634,339.22539674441634,338.22539674441634,337.22539674441634,336.22539674441634,335.22539674441634,334.22539674441634,333.22539674441634,332.22539674441634,331.22539674441634,330.22539674441634,329.22539674441634,328.22539674441634,327.39696961967013,328.22539674441634,inf,537.6812408671323,534.6812408671323,531.6812408671323,528.6812408671323,525.6812408671323,523.8172798364533,520.8172798364533,517.8172798364533,516.0243866176398,inf,509.7817459305205,506.7817459305205,503.7817459305205,500.7817459305205,497.7817459305205,494.7817459305205,491.7817459305205,488.7817459305205,486.9533188057743,488.7817459305205,491.7817459305205,494.7817459305205,497.7817459305205,499.3675323681474,498.13098833543796,496.8883476483187,495.64570696119944,494.4030662740802,493.09545442950537,491.50966799187836,490.2670273047591,489.02438661763983,488.1959594928936,489.02438661763983,488.3675323681474,487.3675323681474,486.5391052434012,486.1248916810281,inf
inf,32.526911934581186,31.284271247461902,29.698484809834994,28.45584412271571,26.87005768508881,25.62741699796952,24.041630560342618,22.798989873223334,20.970562748477146,17.970562748477146,16.142135623730955,inf,46.97056274847714,48.798989873223334,51.798989873223334,54.798989873223334,56.627416997969526,58.627416997969526,61.627416997969526,inf,67.69848480983501,70.69848480983501,inf,151.18376618407353,148.18376618407353,145.18376618407353,142.18376618407353,139.18376618407353,136.18376618407353,133.18376618407353,130.18376618407353,127.18376618407352,125.35533905932733,125.76955262170043,126.76955262170043,127.76955262170043,128.76955262170043,129.76955262170043,130.76955262170043,131.76955262170043,132.76955262170043,133.76955262170043,134.76955262170043,135.76955262170043,136.76955262170043,137.76955262170043,138.76955262170043,139.76955262170043,140.76955262170043,141.76955262170043,142.76955262170043,143.76955262170043,144.76955262170043,inf,inf,359.39696961967013,356.39696961967013,353.39696961967013,350.39696961967013,347.39696961967013,345.39696961967013,344.39696961967013,343.39696961967013,342.39696961967013,341.39696961967013,340.39696961967013,339.39696961967013,338.39696961967013,337.39696961967013,336.39696961967013,335.39696961967013,334.39696961967013,333.39696961967013,332.39696961967013,331.39696961967013,330.39696961967013,329.39696961967013,328.39696961967013,327.39696961967013,326.39696961967013,325.39696961967013,inf,inf,538.9238815542516,535.9238815542516,532.9238815542516,529.9238815542516,528.0599205235726,525.0599205235726,522.0599205235726,519.7817459305205,516.7817459305205,513.7817459305205,510.7817459305205,507.7817459305205,504.7817459305205,501.7817459305205,498.7817459305205,495.7817459305205,492.7817459305205,489.7817459305205,487.9533188057743,489.7817459305205,492.7817459305205,495.7817459305205,498.7817459305205,501.7817459305205,501.13098833543796,499.8883476483187,498.64570696119944,496.63098833543813,495.7523086789976,494.50966799187836,493.2670273047591,492.02438661763983,491.1959594928936,492.02438661763983,491.3675323681474,490.3675323681474,489.5391052434012,489.1248916810281,inf
inf,35.526911934581186,inf,32.698484809834994,31.112698372208094,28.87005768508881,26.87005768508881,27.041630560342618,24.970562748477146,21.970562748477146,18.970562748477146,17.142135623730955,inf,45.97056274847714,47.798989873223334,50.798989873223334,53.798989873223334,56.798989873223334,59.45584412271572,62.45584412271572,63.45584412271572,66.45584412271572,69.45584412271572,inf,152.4264068711928,149.4264068711928,146.4264068711928,143.4264068711928,140.4264068711928,137.4264068711928,134.4264068711928,131.4264068711928,inf,inf,inf,inf,inf,inf,inf,inf,inf,inf,inf,inf,inf,inf,inf,inf,inf,inf,inf,inf,inf,inf,146.18376618407353,inf,inf,inf,inf,inf,inf,inf,inf,inf,inf,inf,inf,inf,inf,inf,inf,inf,inf,inf,inf,inf,inf,inf,inf,inf,inf,inf,323.982756057297,inf,540.1665222413709,537.1665222413709,534.1665222413709,532.3025612106919,529.3025612106919,526.3025612106919,523.7817459305205,520.7817459305205,517.7817459305205,514.7817459305205,511.7817459305205,508.7817459305205,505.7817459305205,502.7817459305205,499.7817459305205,496.7817459305205,493.7817459305205,490.7817459305205,488.9533188057743,490.7817459305205,493.7817459305205,496.7817459305205,499.7817459305205,502.7817459305205,504.13098833543796,502.8883476483187,500.1665222413709,499.13098833543813,498.7523086789976,497.50966799187836,496.2670273047591,495.02438661763983,494.1959594928936,495.02438661763983,494.3675323681474,493.3675323681474,492.5391052434012,492.1248916810281,inf
inf,38.526911934581186,36.94112549695428,35.35533905932738,32.698484809835,29.698484809835,28.87005768508881,inf,25.970562748477146,22.970562748477146,19.970562748477146,18.142135623730955,inf,44.97056274847714,46.798989873223334,49.798989873223334,52.798989873223334,55.798989873223334,58.798989873223334,60.627416997969526,62.627416997969526,65.62741699796953,68.59797974644667,inf,inf,inf,inf,inf,inf,inf,inf,inf,inf,167.59797974644664,166.59797974644664,165.59797974644664,164.59797974644664,163.59797974644664,162.59797974644664,161.59797974644664,160.59797974644664,159.59797974644664,158.59797974644664,157.59797974644664,156.59797974644664,155.59797974644664,154.59797974644664,153.59797974644664,152.59797974644664,151.59797974644664,150.59797974644664,149.59797974644664,148.59797974644664,147.59797974644664,inf,inf,316.982756057297,313.982756057297,310.982756057297,307.982756057297,304.982756057297,303.1543289325508,303.5685424949239,304.5685424949239,305.5685424949239,306.5685424949239,307.5685424949239,308.5685424949239,309.5685424949239,310.5685424949239,311.5685424949239,312.5685424949239,313.5685424949239,314.5685424949239,315.5685424949239,316.5685424949239,317.5685424949239,318.5685424949239,319.5685424949239,320.5685424949239,321.5685424949239,322.5685424949239,inf,inf,541.4091629284902,538.4091629284902,535.8172798364533,532.8172798364533,529.8172798364533,526.8172798364533,523.8172798364533,520.8172798364533,517.8172798364533,514.8172798364533,511.8172798364533,509.3172798364533,inf,inf,inf,497.7817459305205,494.7817459305205,491.7817459305205,489.9533188057743,491.7817459305205,494.7817459305205,497.7817459305205,500.7817459305205,503.7817459305205,506.7817459305205,504.40916292849016,503.1665222413709,502.13098833543813,501.0954544295053,499.0954544295053,499.2670273047591,498.02438661763983,497.1959594928936,498.02438661763983,497.3675323681474,496.3675323681474,495.5391052434012,495.1248916810281,inf
inf,41.18376618407356,39.59797974644666,36.941125496954285,33.941125496954285,32.698484809835,31.87005768508881,29.970562748477146,26.970562748477146,23.970562748477146,20.970562748477146,19.142135623730955,inf,43.97056274847714,45.798989873223334,48.798989873223334,51.798989873223334,54.798989873223334,57.798989873223334,60.798989873223334,63.1126983722081,64.35533905932738,65.59797974644667,inf,194.01219330881975,191.01219330881975,188.01219330881975,185.01219330881975,182.01219330881975,179.01219330881975,176.01219330881975,173.01219330881975,170.01219330881975,168.01219330881975,inf,inf,inf,inf,inf,inf,inf,inf,inf,inf,inf,inf,inf,inf,inf,inf,inf,inf,inf,inf,inf,inf,315.982756057297,312.982756057297,309.982756057297,306.982756057297,303.982756057297,302.1543289325508,inf,inf,inf,inf,inf,inf,inf,inf,inf,inf,inf,inf,inf,inf,inf,inf,inf,inf,inf,inf,inf,inf,542.6518036156095,539.852813742386,536.852813742386,533.852813742386,530.852813742386,527.852813742386,524.852813742386,521.852813742386,518.852813742386,515.852813742386,512.852813742386,510.7817459305205,507.7817459305205,504.7817459305205,501.7817459305205,498.7817459305205,495.7817459305205,492.7817459305205,490.9533188057743,492.7817459305205,495.7817459305205,498.7817459305205,501.7817459305205,504.7817459305205,507.7817459305205,507.40916292849016,506.1665222413709,504.9238815542515,501.9238815542515,501.0954544295053,501.9238815542515,501.02438661763983,500.1959594928936,501.02438661763983,500.3675323681474,499.3675323681474,498.5391052434012,498.1248916810281,inf
inf,43.840620433565945,41.18376618407357,38.18376618407357,36.941125496954285,35.698484809835,34.213203435596434,31.213203435596434,inf,24.970562748477146,21.970562748477146,20.142135623730955,inf,42.97056274847714,44.798989873223334,47.798989873223334,inf,54.04163056034262,57.04163056034262,59.28427124746191,60.1126983722081,61.355339059327385,64.35533905932738,inf,194.84062043356593,191.84062043356593,188.84062043356593,185.84062043356593,182.84062043356593,179.84062043356593,176.84062043356593,173.84062043356593,170.84062043356593,169.01219330881975,170.84062043356593,173.84062043356593,176.84062043356593,179.84062043356593,182.84062043356593,185.84062043356593,188.84062043356593,191.84062043356593,194.84062043356593,197.84062043356593,200.84062043356593,203.84062043356593,206.84062043356593,209.84062043356593,212.84062043356593,215.84062043356593,218.63961030678928,219.88225099390857,221.12489168102786,223.25483399593904,224.25483399593904,inf,314.982756057297,311.982756057297,308.982756057297,305.982756057297,302.982756057297,301.1543289325508,302.982756057297,305.982756057297,308.982756057297,309.22539674441634,308.39696961967013,309.22539674441634,308.33199846221464,305.33199846221464,304.50357133746843,305.33199846221464,304.5035713374683,303.26093065034905,302.0182899632298,300.846717087976,300.0182899632298,300.846717087976,301.5685424949239,300.5685424949239,299.5685424949239,298.7401153701777,299.5685424949239,inf,544.0954544295054,541.0954544295054,538.0954544295054,535.0954544295054,532.0954544295054,529.0954544295054,526.0954544295054,523.0954544295054,520.0954544295054,517.0954544295054,514.7817459305205,511.7817459305205,508.7817459305205,505.7817459305205,502.7817459305205,499.7817459305205,496.7817459305205,493.7817459305205,491.9533188057743,493.7817459305205,496.7817459305205,499.7817459305205,502.7817459305205,505.7817459305205,508.7817459305205,510.40916292849016,509.1665222413708,506.1665222413708,504.9238815542515,inf,504.9238815542515,504.02438661763983,503.1959594928936,504.02438661763983,503.3675323681474,502.3675323681474,501.5391052434012,501.1248916810281,inf
inf,44.21930009000631,41.71930009000631,41.18376618407357,39.941125496954285,38.45584412271572,inf,31.970562748477146,28.970562748477146,25.970562748477146,22.970562748477146,21.142135623730955,inf,41.97056274847714,43.798989873223334,46.798989873223334,49.798989873223334,52.798989873223334,55.798989873223334,56.28427124746191,57.1126983722081,60.1126983722081,63.1126983722081,inf,195.84062043356593,192.84062043356593,189.84062043356593,186.84062043356593,183.84062043356593,180.84062043356593,177.84062043356593,174.84062043356593,171.84062043356593,170.01219330881975,171.84062043356593,174.84062043356593,177.84062043356593,180.84062043356593,183.84062043356593,186.84062043356593,189.84062043356593,192.84062043356593,195.84062043356593,inf,202.08326112068522,205.08326112068522,208.08326112068522,211.08326112068522,213.1543289325507,214.39696961967,215.63961030678928,216.88225099390857,219.25483399593904,220.25483399593904,221.25483399593904,inf,313.982756057297,310.982756057297,307.982756057297,304.982756057297,301.982756057297,300.1543289325508,301.982756057297,304.982756057297,307.982756057297,306.22539674441634,305.39696961967013,306.22539674441634,306.22539674441634,304.50357133746843,302.50357133746843,302.6751442127222,301.63961030678945,300.26093065034905,299.0182899632298,298.1898628384836,298.0182899632298,299.5685424949239,298.5685424949239,297.5685424949239,296.5685424949239,295.7401153701777,296.5685424949239,inf,544.7817459305205,541.7817459305205,538.7817459305205,535.7817459305205,532.7817459305205,529.7817459305205,526.7817459305205,523.7817459305205,520.7817459305205,517.7817459305205,514.7817459305205,512.2817459305205,509.7817459305205,506.7817459305205,503.7817459305205,500.7817459305205,497.7817459305205,494.7817459305205,492.9533188057743,494.7817459305205,497.7817459305205,500.7817459305205,503.7817459305205,506.7817459305205,509.7817459305205,512.7817459305205,510.40916292849005,509.1665222413708,507.9238815542515,509.1665222413708,507.9238815542515,507.02438661763983,506.1959594928936,507.02438661763983,506.3675323681474,505.3675323681474,504.5391052434012,504.1248916810281,inf
inf,45.254833995939045,44.21930009000631,44.18376618407357,41.97056274847715,38.97056274847715,35.97056274847715,32.97056274847715,29.970562748477146,26.970562748477146,23.970562748477146,22.142135623730955,inf,40.97056274847714,42.798989873223334,45.798989873223334,inf,52.04163056034262,54.45584412271572,54.28427124746191,56.28427124746191,59.28427124746191,62.28427124746191,inf,196.84062043356593,193.84062043356593,190.84062043356593,187.84062043356593,184.84062043356593,181.84062043356593,178.84062043356593,175.84062043356593,172.84062043356593,171.01219330881975,172.84062043356593,175.84062043356593,178.84062043356593,181.84062043356593,184.84062043356593,187.84062043356593,190.34062043356593,192.84062043356593,195.84062043356593,198.84062043356593,201.84062043356593,204.84062043356593,207.84062043356593,209.11879502661796,210.1543289325507,211.39696961967,212.63961030678928,215.25483399593904,216.25483399593904,217.25483399593904,218.25483399593904,inf,312.982756057297,309.982756057297,306.982756057297,303.982756057297,300.982756057297,299.1543289325508,300.982756057297,303.982756057297,306.67514421272216,305.39696961967013,303.39696961967013,304.4680374315356,303.22539674441634,302.39696961967013,301.9177848998415,299.6751442127222,298.63961030678945,299.0182899632298,296.0182899632298,295.1898628384836,296.0182899632298,296.5685424949239,295.5685424949239,294.5685424949239,293.5685424949239,292.7401153701777,293.5685424949239,inf,544.8172798364533,541.8172798364533,538.8172798364533,535.8172798364533,532.8172798364533,529.8172798364533,526.8172798364533,523.8172798364533,521.3172798364533,518.8172798364533,515.8172798364533,513.7817459305205,510.7817459305205,507.7817459305205,504.7817459305205,501.7817459305205,498.7817459305205,495.7817459305205,493.9533188057743,495.7817459305205,498.7817459305205,501.7817459305205,504.7817459305205,507.7817459305205,510.7817459305205,513.7817459305205,513.4091629284901,512.1665222413708,510.9238815542515,512.1665222413708,510.9238815542515,510.02438661763983,509.1959594928936,510.02438661763983,509.3675323681474,508.3675323681474,507.5391052434012,507.1248916810281,inf
inf,48.254833995939045,47.21930009000631,45.97056274847715,42.97056274847715,39.97056274847715,36.97056274847715,33.97056274847715,30.970562748477146,27.970562748477146,24.970562748477146,23.142135623730955,inf,39.97056274847714,41.798989873223334,44.798989873223334,47.798989873223334,50.627416997969526,51.45584412271572,54.45584412271572,57.1126983722081,60.1126983722081,63.1126983722081,inf,197.84062043356593,194.84062043356593,191.84062043356593,188.84062043356593,185.84062043356593,182.84062043356593,179.84062043356593,176.84062043356593,173.84062043356593,172.01219330881975,173.84062043356593,176.84062043356593,179.84062043356593,182.84062043356593,185.84062043356593,188.84062043356593,191.84062043356593,193.87615433949867,196.87615433949867,199.53300858899104,202.53300858899104,204.04772721475248,205.08326112068522,206.11879502661796,207.1543289325507,208.39696961967,211.0538238691624,212.25483399593904,213.25483399593904,214.25483399593904,215.25483399593904,inf,311.982756057297,308.982756057297,305.982756057297,302.982756057297,299.982756057297,298.1543289325508,299.982756057297,302.982756057297,303.67514421272216,302.4325035256029,301.39696961967013,302.4325035256029,300.22539674441634,299.39696961967013,298.9177848998415,297.6751442127222,296.13961030678945,296.6040764008567,295.1898628384836,293.1898628384836,293.5685424949239,293.5685424949239,292.5685424949239,291.5685424949239,290.5685424949239,289.7401153701777,290.5685424949239,inf,545.852813742386,542.852813742386,539.852813742386,536.852813742386,533.852813742386,530.852813742386,527.852813742386,524.852813742386,523.0599205235726,520.0599205235726,517.7817459305205,514.7817459305205,511.7817459305205,508.7817459305205,505.7817459305205,502.7817459305205,499.7817459305205,496.7817459305205,494.9533188057743,496.7817459305205,499.7817459305205,502.2817459305205,504.7817459305205,507.7817459305205,510.7817459305205,513.7817459305205,516.4091629284901,515.1665222413708,513.9238815542515,515.1665222413708,513.9238815542515,513.0243866176398,512.1959594928936,513.0243866176398,512.3675323681474,511.3675323681474,510.5391052434012,510.1248916810281,inf
inf,51.254833995939045,49.97056274847715,46.97056274847715,43.97056274847715,40.97056274847715,37.97056274847715,34.97056274847715,31.970562748477146,28.970562748477146,25.970562748477146,24.142135623730955,inf,38.97056274847714,40.798989873223334,43.798989873223334,46.798989873223334,48.627416997969526,50.627416997969526,53.627416997969526,56.627416997969526,59.627416997969526,62.627416997969526,inf,198.84062043356593,195.84062043356593,192.84062043356593,189.84062043356593,186.84062043356593,183.84062043356593,180.84062043356593,177.84062043356593,174.84062043356593,173.01219330881975,174.84062043356593,177.84062043356593,180.84062043356593,183.84062043356593,186.84062043356593,189.84062043356593,192.84062043356593,195.84062043356593,196.70458146424485,198.70458146424485,201.70458146424485,201.04772721475248,202.08326112068522,203.61879502661796,204.86143571373725,206.8111831820431,208.25483399593904,209.25483399593904,210.25483399593904,211.25483399593904,212.25483399593904,inf,310.982756057297,307.982756057297,304.982756057297,301.982756057297,298.982756057297,297.1543289325508,298.982756057297,301.982756057297,301.4680374315356,299.4325035256029,298.39696961967013,299.4325035256029,299.39696961967013,297.39696961967013,297.5685424949239,294.6751442127222,293.63961030678945,293.6040764008567,292.5685424949239,292.5685424949239,291.0685424949239,290.5685424949239,289.5685424949239,288.5685424949239,287.5685424949239,286.7401153701777,287.5685424949239,inf,547.0954544295054,544.0954544295054,541.0954544295054,538.0954544295054,535.0954544295054,532.0954544295054,529.0954544295054,527.3025612106919,inf,521.7817459305205,518.7817459305205,515.7817459305205,512.7817459305205,509.7817459305205,506.7817459305205,503.7817459305205,500.7817459305205,497.7817459305205,495.9533188057743,497.7817459305205,500.7817459305205,503.7817459305205,505.8172798364533,508.8172798364533,511.8172798364533,514.8172798364533,517.8172798364533,inf,516.9238815542515,518.1665222413708,516.9238815542515,516.0243866176398,515.1959594928936,516.0243866176398,515.3675323681474,514.3675323681474,513.5391052434012,513.1248916810281,inf
inf,52.97056274847715,49.97056274847715,46.97056274847715,43.97056274847715,41.47056274847715,38.97056274847715,35.97056274847715,32.97056274847715,29.970562748477146,26.970562748477146,25.142135623730955,inf,37.97056274847714,39.798989873223334,42.798989873223334,45.798989873223334,48.798989873223334,50.74873734152917,53.24873734152917,inf,60.562445840513924,63.562445840513924,inf,199.84062043356593,196.84062043356593,193.84062043356593,190.84062043356593,187.84062043356593,184.84062043356593,181.84062043356593,178.84062043356593,175.84062043356593,174.01219330881975,175.84062043356593,178.84062043356593,181.84062043356593,184.84062043356593,187.84062043356593,190.84062043356593,193.84062043356593,196.25483399593904,197.25483399593904,198.25483399593904,199.25483399593904,198.54772721475248,200.08326112068522,201.3259018078045,202.5685424949238,204.25483399593904,205.25483399593904,206.25483399593904,207.25483399593904,208.25483399593904,209.25483399593904,inf,309.982756057297,306.982756057297,303.982756057297,300.982756057297,297.982756057297,296.1543289325508,297.982756057297,300.982756057297,298.4680374315356,297.22539674441634,295.89696961967013,297.22539674441634,296.5685424949239,295.5685424949239,294.5685424949239,293.5685424949239,291.13961030678945,290.6040764008567,289.5685424949239,289.5685424949239,288.5685424949239,287.5685424949239,286.5685424949239,285.5685424949239,284.5685424949239,283.7401153701777,284.5685424949239,inf,548.3380951166247,545.3380951166247,542.3380951166247,539.3380951166247,536.3380951166247,533.3380951166247,531.5452018978112,528.7817459305205,525.7817459305205,522.7817459305205,519.7817459305205,516.7817459305205,513.7817459305205,510.7817459305205,507.7817459305205,504.7817459305205,501.7817459305205,498.7817459305205,496.9533188057743,498.7817459305205,501.7817459305205,504.7817459305205,507.7817459305205,510.05992052357254,513.0599205235726,516.0599205235726,519.0599205235726,521.1665222413708,519.9238815542515,521.1665222413708,519.9238815542515,519.0243866176398,518.1959594928936,519.0243866176398,518.3675323681474,517.3675323681474,516.5391052434012,516.1248916810281,inf
inf,54.00609665440989,51.00609665440989,48.00609665440989,45.00609665440989,43.213203435596434,40.213203435596434,37.213203435596434,inf,30.970562748477146,27.970562748477146,26.142135623730955,inf,36.97056274847714,38.798989873223334,41.798989873223334,44.798989873223334,47.798989873223334,50.798989873223334,53.798989873223334,56.31980515339464,59.31980515339464,62.31980515339464,inf,200.84062043356593,197.84062043356593,194.84062043356593,191.84062043356593,188.84062043356593,185.84062043356593,182.84062043356593,179.84062043356593,176.84062043356593,175.01219330881975,176.84062043356593,179.84062043356593,182.84062043356593,185.84062043356593,188.84062043356593,190.75483399593904,192.25483399593904,193.25483399593904,194.25483399593904,195.25483399593904,196.25483399593904,196.04772721475248,197.08326112068522,198.3259018078045,200.49747468305833,201.25483399593904,202.25483399593904,203.25483399593904,204.25483399593904,205.25483399593904,206.25483399593904,inf,308.982756057297,305.982756057297,302.982756057297,299.982756057297,296.982756057297,295.1543289325508,296.982756057297,298.5685424949239,297.22539674441634,294.22539674441634,293.39696961967013,294.22539674441634,293.5685424949239,292.5685424949239,291.5685424949239,290.5685424949239,289.5685424949239,287.6040764008567,286.5685424949239,286.5685424949239,285.5685424949239,284.5685424949239,283.5685424949239,282.5685424949239,281.5685424949239,280.7401153701777,281.5685424949239,inf,549.580735803744,546.580735803744,543.580735803744,540.580735803744,537.580735803744,534.7817459305205,531.7817459305205,528.7817459305205,525.7817459305205,522.7817459305205,519.7817459305205,516.7817459305205,513.7817459305205,511.2817459305205,508.7817459305205,505.7817459305205,502.7817459305205,499.7817459305205,497.9533188057743,499.7817459305205,502.7817459305205,505.7817459305205,508.7817459305205,511.7817459305205,514.3025612106918,517.3025612106918,520.3025612106918,523.3025612106918,522.9238815542515,524.1665222413708,522.9238815542515,522.0243866176398,521.1959594928936,522.0243866176398,521.3675323681474,520.3675323681474,519.5391052434012,519.1248916810281,inf
inf,54.97056274847715,51.97056274847715,48.97056274847715,46.47056274847715,43.97056274847715,40.97056274847715,37.97056274847715,34.97056274847715,31.970562748477146,28.970562748477146,27.142135623730955,inf,35.97056274847714,37.798989873223334,40.798989873223334,43.798989873223334,46.798989873223334,inf,52.077164466275356,55.077164466275356,58.077164466275356,61.077164466275356,inf,201.84062043356593,198.84062043356593,195.84062043356593,192.84062043356593,189.84062043356593,186.84062043356593,183.84062043356593,180.84062043356593,177.84062043356593,176.01219330881975,177.84062043356593,180.84062043356593,183.84062043356593,186.25483399593904,187.25483399593904,188.25483399593904,189.25483399593904,190.25483399593904,191.25483399593904,192.25483399593904,193.25483399593904,193.04772721475248,194.08326112068522,196.25483399593904,inf,198.25483399593904,199.25483399593904,200.25483399593904,201.25483399593904,202.25483399593904,203.25483399593904,inf,307.982756057297,304.982756057297,301.982756057297,298.982756057297,295.982756057297,294.1543289325508,295.982756057297,295.5685424949239,294.5685424949239,293.39696961967013,291.39696961967013,291.5685424949239,290.5685424949239,289.5685424949239,288.5685424949239,287.5685424949239,286.5685424949239,285.5685424949239,284.0685424949239,283.5685424949239,282.5685424949239,281.5685424949239,280.5685424949239,279.5685424949239,278.5685424949239,277.7401153701777,278.5685424949239,inf,550.4741340859457,547.4741340859457,544.4741340859457,541.4741340859457,538.4741340859457,535.4741340859457,532.4741340859457,529.4741340859457,526.4741340859457,523.8172798364533,520.8172798364533,517.8172798364533,514.8172798364533,512.7817459305205,509.7817459305205,506.7817459305205,503.7817459305205,500.7817459305205,498.9533188057743,500.7817459305205,503.7817459305205,506.7817459305205,509.7817459305205,512.7817459305205,515.7817459305205,518.5452018978111,521.5452018978111,524.5452018978111,525.9238815542515,527.1665222413708,525.9238815542515,525.0243866176398,524.1959594928936,525.0243866176398,524.3675323681474,523.3675323681474,522.5391052434012,522.1248916810281,inf
inf,54.591883092036795,52.091883092036795,50.00609665440989,47.97056274847715,44.97056274847715,41.97056274847715,38.97056274847715,35.97056274847715,32.97056274847715,29.970562748477146,28.142135623730955,inf,34.97056274847714,36.798989873223334,39.798989873223334,42.798989873223334,45.798989873223334,47.83452377915607,50.83452377915607,53.83452377915607,56.83452377915607,59.83452377915607,inf,202.84062043356593,199.84062043356593,196.84062043356593,193.84062043356593,190.84062043356593,187.84062043356593,184.84062043356593,181.84062043356593,178.84062043356593,177.01219330881975,178.84062043356593,181.25483399593904,182.25483399593904,183.25483399593904,184.25483399593904,185.25483399593904,186.25483399593904,187.25483399593904,188.25483399593904,189.25483399593904,190.25483399593904,190.54772721475248,192.25483399593904,193.25483399593904,194.25483399593904,195.25483399593904,196.25483399593904,197.25483399593904,198.25483399593904,199.25483399593904,200.25483399593904,inf,307.1543289325508,304.1543289325508,301.1543289325508,298.1543289325508,295.1543289325508,293.1543289325508,293.5685424949239,292.5685424949239,291.5685424949239,290.5685424949239,289.5685424949239,288.5685424949239,287.5685424949239,286.5685424949239,285.5685424949239,284.5685424949239,283.5685424949239,282.5685424949239,281.5685424949239,280.5685424949239,279.5685424949239,278.5685424949239,277.5685424949239,276.5685424949239,275.5685424949239,274.7401153701777,275.5685424949239,inf,549.6457069611995,546.6457069611995,543.6457069611995,540.6457069611995,537.6457069611995,534.6457069611995,531.6457069611995,528.6457069611995,525.6457069611995,523.6457069611995,522.0599205235726,519.0599205235726,516.7817459305205,513.7817459305205,510.7817459305205,507.7817459305205,504.7817459305205,501.7817459305205,499.9533188057743,501.7817459305205,504.7817459305205,507.7817459305205,510.7817459305205,513.7817459305205,516.7817459305205,519.7817459305205,522.7817459305205,525.7817459305205,528.7817459305205,inf,528.9238815542515,528.0243866176398,527.1959594928936,528.0243866176398,527.3675323681474,526.3675323681474,525.5391052434012,525.1248916810281,inf
inf,54.97056274847715,51.97056274847715,49.97056274847715,47.97056274847715,44.97056274847715,41.97056274847715,38.97056274847715,36.47056274847715,33.97056274847715,30.970562748477146,29.142135623730955,inf,33.97056274847714,35.798989873223334,38.798989873223334,41.798989873223334,44.298989873223334,46.798989873223334,inf,54.21320343559643,57.21320343559643,60.21320343559643,inf,203.84062043356593,200.84062043356593,197.84062043356593,194.84062043356593,191.84062043356593,188.84062043356593,185.84062043356593,182.84062043356593,179.84062043356593,178.01219330881975,178.42640687119285,179.42640687119285,180.42640687119285,181.42640687119285,182.42640687119285,183.42640687119285,184.42640687119285,185.42640687119285,186.42640687119285,187.42640687119285,188.42640687119285,189.42640687119285,190.42640687119285,191.42640687119285,192.42640687119285,193.42640687119285,194.42640687119285,195.42640687119285,196.42640687119285,197.42640687119285,inf,inf,306.7401153701777,303.7401153701777,300.7401153701777,297.7401153701777,294.7401153701777,292.7401153701777,291.7401153701777,290.7401153701777,289.7401153701777,288.7401153701777,287.7401153701777,286.7401153701777,285.7401153701777,284.7401153701777,283.7401153701777,282.7401153701777,281.7401153701777,280.7401153701777,279.7401153701777,278.7401153701777,277.7401153701777,276.7401153701777,275.7401153701777,274.7401153701777,273.7401153701777,272.7401153701777,inf,inf,550.4741340859457,547.4741340859457,544.4741340859457,541.4741340859457,538.4741340859457,535.4741340859457,532.4741340859457,529.4741340859457,526.4741340859457,525.6457069611995,522.7817459305205,520.2817459305205,517.7817459305205,514.7817459305205,511.7817459305205,508.7817459305205,505.7817459305205,502.7817459305205,500.9533188057743,502.7817459305205,505.7817459305205,508.7817459305205,511.7817459305205,514.7817459305205,517.7817459305205,520.7817459305205,523.7817459305205,526.7817459305205,529.7817459305205,532.7817459305205,531.9238815542515,531.0243866176398,530.1959594928936,531.0243866176398,530.3675323681474,529.3675323681474,528.5391052434012,528.1248916810281,inf
inf,54.79898987322334,52.79898987322334,51.00609665440989,48.00609665440989,45.50609665440989,43.00609665440989,40.00609665440989,37.97056274847715,34.97056274847715,31.970562748477146,30.142135623730955,inf,32.97056274847714,34.97056274847714,37.97056274847714,40.97056274847714,43.97056274847714,46.97056274847714,49.97056274847714,52.97056274847714,55.97056274847714,58.97056274847714,inf,inf,inf,inf,inf,inf,inf,inf,inf,inf,inf,inf,inf,inf,inf,inf,inf,inf,inf,inf,inf,inf,inf,inf,inf,inf,inf,inf,inf,inf,inf,198.84062043356596,inf,inf,inf,inf,inf,inf,inf,inf,inf,inf,inf,inf,inf,inf,inf,inf,inf,inf,inf,inf,inf,inf,inf,inf,inf,inf,inf,271.3259018078046,inf,551.716774773065,548.716774773065,545.716774773065,542.716774773065,539.716774773065,536.716774773065,533.716774773065,530.716774773065,529.4741340859457,526.8172798364533,523.8172798364533,521.7817459305205,518.7817459305205,515.7817459305205,512.7817459305205,509.7817459305205,506.7817459305205,503.7817459305205,501.9533188057743,503.7817459305205,506.7817459305205,509.7817459305205,512.7817459305205,515.7817459305205,518.7817459305205,521.7817459305205,524.7817459305205,527.7817459305205,530.7817459305205,533.7817459305205,534.9238815542515,534.0243866176398,533.1959594928936,534.0243866176398,533.3675323681474,532.3675323681474,531.5391052434012,531.1248916810281,inf
inf,56.79898987322334,55.041630560342625,52.041630560342625,49.041630560342625,47.24873734152917,inf,41.97056274847714,38.97056274847714,35.97056274847714,32.97056274847714,inf,31.55634918610405,inf,35.798989873223334,38.798989873223334,41.798989873223334,44.798989873223334,47.798989873223334,50.798989873223334,53.798989873223334,56.798989873223334,59.798989873223334,inf,246.25483399593907,243.25483399593907,240.25483399593907,237.25483399593907,234.25483399593907,231.25483399593907,228.25483399593907,225.25483399593907,222.25483399593907,220.25483399593907,219.25483399593907,218.25483399593907,217.25483399593907,216.25483399593907,215.25483399593907,214.25483399593907,213.25483399593907,212.25483399593907,211.25483399593907,210.25483399593907,209.25483399593907,208.25483399593907,207.25483399593907,206.25483399593907,205.25483399593907,204.25483399593907,203.25483399593907,202.25483399593907,201.25483399593907,200.25483399593907,inf,inf,260.3259018078046,257.3259018078046,254.32590180780457,251.32590180780457,250.49747468305839,249.9116882454315,250.9116882454315,251.9116882454315,252.9116882454315,253.9116882454315,254.9116882454315,255.9116882454315,256.9116882454315,257.9116882454315,258.9116882454315,259.9116882454315,260.9116882454315,261.9116882454315,262.9116882454315,263.9116882454315,264.9116882454315,265.9116882454315,266.9116882454315,267.9116882454315,268.9116882454315,269.9116882454315,inf,inf,552.9594154601843,549.9594154601843,546.9594154601843,543.9594154601843,540.9594154601843,537.9594154601843,534.9594154601843,533.716774773065,531.0599205235726,528.0599205235726,525.7817459305205,522.7817459305205,519.7817459305205,516.7817459305205,513.7817459305205,510.7817459305205,507.7817459305205,504.7817459305205,502.9533188057743,504.7817459305205,507.7817459305205,510.7817459305205,513.7817459305205,516.7817459305205,519.7817459305205,522.7817459305205,525.7817459305205,528.7817459305205,531.7817459305205,534.7817459305205,537.7817459305205,537.0243866176398,536.1959594928936,537.0243866176398,536.3675323681474,535.3675323681474,534.5391052434012,534.1248916810281,inf
inf,inf,inf,inf,inf,inf,inf,inf,inf,inf,inf,inf,inf,inf,inf,inf,inf,inf,inf,inf,inf,inf,inf,inf,inf,inf,inf,inf,inf,inf,inf,inf,inf,220.66904755831217,inf,inf,inf,inf,inf,inf,inf,inf,inf,inf,inf,inf,inf,inf,inf,inf,inf,inf,inf,inf,inf,inf,inf,inf,inf,inf,248.49747468305839,inf,inf,inf,inf,inf,inf,inf,inf,inf,inf,inf,inf,inf,inf,inf,inf,inf,inf,inf,inf,inf,inf,555.7878425849306,inf,inf,inf,inf,inf,inf,inf,inf,inf,inf,inf,inf,inf,inf,inf,inf,inf,inf,inf,inf,inf,inf,inf,inf,inf,inf,inf,inf,inf,inf,inf,inf,inf,inf,inf,inf,inf,inf,inf
inf,inf,inf,inf,inf,inf,inf,inf,inf,inf,inf,inf,inf,inf,inf,inf,inf,inf,inf,inf,inf,inf,inf,inf,inf,inf,inf,inf,inf,inf,inf,inf,inf,inf,222.08326112068528,223.08326112068528,224.08326112068528,225.08326112068528,226.08326112068528,227.08326112068528,228.08326112068528,229.08326112068528,230.08326112068528,231.08326112068528,232.08326112068528,233.08326112068528,234.08326112068528,235.08326112068528,236.08326112068528,237.08326112068528,238.08326112068528,239.08326112068528,240.08326112068528,241.08326112068528,242.08326112068528,243.08326112068528,244.08326112068528,245.08326112068528,246.08326112068528,247.08326112068528,inf,inf,inf,inf,inf,inf,inf,inf,inf,inf,inf,inf,inf,inf,inf,inf,inf,inf,inf,inf,inf,inf,inf,inf,inf,inf,inf,inf,inf,inf,inf,inf,inf,inf,inf,inf,inf,inf,inf,inf,inf,inf,inf,inf,inf,inf,inf,inf,inf,inf,inf,inf,inf,inf,inf,inf,inf,inf,inf,inf,inf,inf,inf
